summary,age,salary
count,18,17
mean,36.77777777777778,4.702121045471251E-16
stddev,7.565833071470681,1.0
min,26,-1.8051229704744274
max,50,1.6995308189982083
